<?xml version="1.0" encoding="UTF-8"?>
<rss version="2.0" xmlns:ror="http://rorweb.com/0.1/" >
<channel>
  <title>ROR Sitemap for https://vendorguideonline.com/</title>
  <link>https://vendorguideonline.com/</link>

<item>
     <link>https://vendorguideonline.com/</link>
     <title>Find Professional Property Maintenance Manager &amp;amp; Vendor in USA | Vendor Guide</title>
     <description>Explore our property maintenance bid platform that provides top-rated Minnesota multi-family maintenance vendors &amp;amp; suppliers Check our vendor listing marketplace</description>
     <ror:updatePeriod></ror:updatePeriod>
     <ror:sortOrder>0</ror:sortOrder>
     <ror:resourceOf>sitemap</ror:resourceOf>
</item>
<item>
     <link>https://vendorguideonline.com/advertise</link>
     <title>Advertise | Property Maintenance Bid Platform, Compare Service Bid | Vendor Guide</title>
     <description>Use our maintenance bid response &amp;amp; management system to compare bids, screen contractors, and manage multi-vendor property maintenance bids easily.</description>
     <ror:updatePeriod></ror:updatePeriod>
     <ror:sortOrder>1</ror:sortOrder>
     <ror:resourceOf>sitemap</ror:resourceOf>
</item>
<item>
     <link>https://vendorguideonline.com/about-us</link>
     <title>About | Property Manager Vendor Sourcing, Online Search Destination | Vendor Guide</title>
     <description>An ultimate online search destination for property manager vendor sourcing. Here, property managers can find reliable vendors for all their property management needs.</description>
     <ror:updatePeriod></ror:updatePeriod>
     <ror:sortOrder>1</ror:sortOrder>
     <ror:resourceOf>sitemap</ror:resourceOf>
</item>
<item>
     <link>https://vendorguideonline.com/contact-us</link>
     <title>Contact Us | Get Online Vendor Support Services, Property Vendor Quote | Vendor Guide</title>
     <description>Are you a vendor, supplier, or contractor who wants quote requests? Call us at (952-460-0305) or email us at (info@vendorguideonline.com) for assistance now!</description>
     <ror:updatePeriod></ror:updatePeriod>
     <ror:sortOrder>1</ror:sortOrder>
     <ror:resourceOf>sitemap</ror:resourceOf>
</item>
<item>
     <link>https://vendorguideonline.com/blog</link>
     <title>Resources | Vendor Guide</title>
     <description>Vendor Guide at Your Fingertips!  Explore Vendor Guide Online&amp;#x27;s blog for insights on finding, evaluating, and managing vendors and suppliers. Gain valuable industry knowledge, discover sourcing strategies, and stay ahead of the curve.  Subscribe today!</description>
     <ror:updatePeriod></ror:updatePeriod>
     <ror:sortOrder>1</ror:sortOrder>
     <ror:resourceOf>sitemap</ror:resourceOf>
</item>
<item>
     <link>https://vendorguideonline.com/login</link>
     <title>Login/Sign in Vendor Management Network to Access your Account | Vendor Guide</title>
     <description>Sign in with your login credentials to operate Vendor Management Network at Vendor Guide USA.</description>
     <ror:updatePeriod></ror:updatePeriod>
     <ror:sortOrder>1</ror:sortOrder>
     <ror:resourceOf>sitemap</ror:resourceOf>
</item>
<item>
     <link>https://vendorguideonline.com/blog/your-brand-is-your-most-valuable-asset</link>
     <title>Your Brand is Your Most Valuable Asset. | Vendor Guide</title>
     <description>Trust real people to protect your brand identity.</description>
     <ror:updatePeriod></ror:updatePeriod>
     <ror:sortOrder>1</ror:sortOrder>
     <ror:resourceOf>sitemap</ror:resourceOf>
</item>
<item>
     <link>https://vendorguideonline.com/blog/balancing-tech-and-touch</link>
     <title>Balancing Tech and Touch | Vendor Guide</title>
     <description>The evolution of apartment leasing.</description>
     <ror:updatePeriod></ror:updatePeriod>
     <ror:sortOrder>1</ror:sortOrder>
     <ror:resourceOf>sitemap</ror:resourceOf>
</item>
<item>
     <link>https://vendorguideonline.com/blog/social-media-for-property-managers</link>
     <title>Social Media for Property Managers | Vendor Guide</title>
     <description>Attract, communicate, and engage.</description>
     <ror:updatePeriod></ror:updatePeriod>
     <ror:sortOrder>1</ror:sortOrder>
     <ror:resourceOf>sitemap</ror:resourceOf>
</item>
<item>
     <link>https://vendorguideonline.com/register</link>
     <title>Sign Up and Register Yourself to Manage Our Vendor Network | Vendor Guide</title>
     <description>Register yourself as a Vendor, Manager and Company and Complete the form below to be considered for being included in our vendor management portal. Sign Up Now!</description>
     <ror:updatePeriod></ror:updatePeriod>
     <ror:sortOrder>1</ror:sortOrder>
     <ror:resourceOf>sitemap</ror:resourceOf>
</item>
<item>
     <link>https://vendorguideonline.com/terms-and-conditions</link>
     <title>Terms and Conditions | Vendor Guide</title>
     <description>&amp;lt;h2&amp;gt;&amp;lt;strong&amp;gt;Terms and Conditions of Vendor Guide and VendorGuideonline.com&amp;lt;/strong&amp;gt;&amp;lt;/h2&amp;gt;

&amp;lt;p&amp;gt;Vendor Guide is an online platform that helps users compare characteristics of certain types of goods or services offered by third-party vendors. By using Vendor Guide, you agree to the following terms and conditions:&amp;lt;/p&amp;gt;

&amp;lt;h2&amp;gt;&amp;lt;strong&amp;gt;Service Overview&amp;lt;/strong&amp;gt;&amp;lt;/h2&amp;gt;

&amp;lt;p&amp;gt;Vendor Guide provides a comparison service for products and servi</description>
     <ror:updatePeriod></ror:updatePeriod>
     <ror:sortOrder>1</ror:sortOrder>
     <ror:resourceOf>sitemap</ror:resourceOf>
</item>
</channel>
</rss>
  